TestD51_DrainingReceiptTracksHeldConsumer	TestDrainingReceiptTracksHeldConsumer
TestD51_ReceiptIsBackedByRealConsumers	TestReceiptIsBackedByRealConsumers
TestD52_FoldIsIdempotentUnderRepeat	TestFingerprintFoldIsIdempotentUnderRepeat
TestD52_FoldedFieldIsLiveInTheFingerprint	TestFingerprintFoldedFieldIsLive
TestD52_HotAddedOwnerPullsTheRecordAfterNumericOnly	TestHotAddedOwnerPullsTheRecordAfterNumericOnly
TestD52_ModelRefAliasesFoldToStableFingerprint	TestModelRefAliasesFoldToStableFingerprint
TestD52_RemoteOnlyAliasSpellingStillPublishes	TestRemoteOnlyAliasSpellingStillPublishes
TestD52_RuntimeObjectAliasIsNotAStructuralChange	TestRuntimeObjectAliasIsNotAStructuralChange
TestD53_CloseInitiatedIsDistinguishableFromResourcesExited	TestCloseInitiatedIsDistinguishableFromResourcesExited
TestD53_HotAddedOwnerReceiptMatchesRealConsumption	TestHotAddedOwnerReceiptMatchesRealConsumption
TestD53_PerPublishObjectLifespan	TestPerPublishObjectLifespan
TestFactory33_CommittedBehavior	TestFactoryCommittedBehavior
TestFactory33_ConfigBuiltReleasesItsStoreLease	TestFactoryConfigBuiltReleasesItsStoreLease
TestFactory33_FactoryBuiltReleasesItsStoreLease	TestFactoryBuiltReleasesItsStoreLease
TestFactory33_FactoryConfigChangeReachesDelegations	TestFactoryConfigChangeReachesDelegations
TestFactory33_ReloadConstructsNoOrphanAgents	TestFactoryReloadConstructsNoOrphanAgents
TestHotAdd34_DataLandsInItsOwnStoreWithHostReturn	TestHotAddDataLandsInItsOwnStoreWithHostReturn
TestL3_CoordinatorHotApplyRevision	TestCoordinatorHotApplyRevision
TestL3_FullConfigAndRollback	TestFullConfigAndRollback
TestL3_RejectedCandidateKeepsBothAxes	TestRejectedCandidateKeepsBothAxes
TestL3_RollbackHookSurvivesNumericOnlyFirstUpdate	TestRollbackHookSurvivesNumericOnlyFirstUpdate
TestM34_SnapshotRotatesWithReloaderCommitPoint	TestHotParamSnapshotRotatesAtCommitPoint
TestMonitor33_LiveSessionStaysWatchedAcrossToolGeneration	TestLiveSessionStaysWatchedAcrossToolGeneration
TestReentry42_ChangedTargetResolvesOnTheNewGeneration	TestChangedTargetResolvesOnTheNewGeneration
TestReentry42_GenerationThatRemovedTargetRefusesWithoutRerouting	TestGenerationThatRemovedTargetRefusesWithoutRerouting
TestReentry42_PostSilenceRelaunchUsesResidentOwnerFace	TestPostSilenceRelaunchUsesResidentOwnerFace
TestReentry42_WithinLoopInitiatorResolvesOnBsOwnFace	TestWithinLoopInitiatorResolvesOnBsOwnFace
TestRollback24_HotAddNumericAndInFlightRollback	TestRollbackOfHotAddNumericWithInFlightTurn
TestRollback24_LateStageFailureLeavesNoOwnerPublished	TestLateStageFailureLeavesNoOwnerPublished
TestRollback24_RemovedParentRollbackKeepsSharedChildSingleOwner	TestRemovedParentRollbackKeepsSharedChildSingleOwner
TestSC_HotAddedAgentNumericOnlySeedsNextCall	TestHotAddedAgentNumericOnlySeedsNextCall
TestSC_RecordCommitsAtomicallyWithVersion	TestAppliedRecordCommitsAtomicallyWithVersion
TestSE_RecordReadIsLockFree	TestAppliedRecordReadIsLockFree
TestSE_SpawnerTTLReachesRealSpawnSpec	TestSpawnerTTLReachesRealSpawnSpec
TestWAL42_RelaunchAfterRestartResolvesOnTheCurrentFace	TestRelaunchAfterRestartResolvesOnTheCurrentFace
d51Receipts	diagnosticsReceipts
d51YAML	hotParamsYAML
d51YAMLNoSub	hotParamsYAMLNoSub
d52PullModel	plainTextPullModel
d52RemoteYAML	remoteSpellingYAML
d52Write	writeAliasConfig
d52YAML	aliasSpellingYAML
d53Boot	bootForDiagnostics
d53Write	writeRoutedConfig
d53YAML	routedSub2YAML
di64	diagInt64
g24Arm	armStageGate
g24BYAML	ownerBYAML
g24DiamondYAML	diamondYAML
g24Gate	stageGate
g24LeafYAML	leafYAML
g24Write	writeGateConfig
m34YAML	snapshotRotationYAML
mon33Boot	sessionWatchBoot
mon33Child	sessionWatchChild
mon33Command	sessionWatchCommand
mon33Filter	sessionWatchFilter
mon33Model	sessionWatchModel
mon33PhaseEnv	sessionWatchPhaseEnv
mon33SvcName	sessionWatchSvcName
mon33YAML	sessionWatchYAML
mon33YAMLAfterPublish	sessionWatchYAMLAfterPublish
mon33YAMLWithExtra	sessionWatchYAMLWithExtra
mon33YamlEnv	sessionWatchYamlEnv
wal42Boot	walReentryBoot
wal42Child	walReentryChild
wal42Filter	walReentryFilter
wal42Model	walReentryModel
wal42PhaseEnv	walReentryPhaseEnv
wal42YAML	walReentryYAML
wal42YamlEnv	walReentryYamlEnv
